--
-- PostgreSQL database dump
--

-- Dumped from database version 15.5
-- Dumped by pg_dump version 16.1 (Ubuntu 16.1-1.pgdg20.04+1)

SET statement_timeout = 0;
SET lock_timeout = 0;
SET idle_in_transaction_session_timeout = 0;
SET client_encoding = 'UTF8';
SET standard_conforming_strings = on;
SELECT pg_catalog.set_config('search_path', '', false);
SET check_function_bodies = false;
SET xmloption = content;
SET client_min_messages = warning;
SET row_security = off;

--
-- Data for Name: admin; Type: TABLE DATA; Schema: public; Owner: app
--

COPY public.admin (id, username, roles, password) FROM stdin;
1	admin	["ROLE_ADMIN"]	.az4vqJUj08DiCkE/p3pBXGULm
3	username	["ROLE_ADMIN"]	=19=65536,t=4,p=1+jovPcunctc30xG5PxQ+g9vLtfkMy4KjASKSOcnNxjij4gTX1s
6	saitomo	["ROLE_ADMIN"]	$2y$13$QGEUIVpthat/4VIWFcHUxurCzUyEMr313HlOtqurX2DYxXZqPc3bO
\.


--
-- Data for Name: conference; Type: TABLE DATA; Schema: public; Owner: app
--

COPY public.conference (id, city, year, is_international, slug) FROM stdin;
4	Amusuterudamu	2011	t	amusuterudamu-2011
5	Nagoya	2014	f	nagoya-2014
6	Tokyo	2023	f	tokyo-2023
\.


--
-- Data for Name: comment; Type: TABLE DATA; Schema: public; Owner: app
--

COPY public.comment (id, conference_id, author, text, email, created_at, photo_filename, state) FROM stdin;
34	4	Saito Tomoya	great!	t_saito@bi.c.titech.ac.jp	2024-01-26 14:48:52	\N	ham
35	4	Saito Tomoya	Great!	t_saito@bi.c.titech.ac.jp	2024-01-26 14:56:43	\N	ham
36	4	Saito Tomoya	great!	t_saito@bi.c.titech.ac.jp	2024-01-26 15:05:30	\N	ham
37	4	Saito Tomoya	Great!	t_saito@bi.c.titech.ac.jp	2024-01-26 15:10:14	\N	ham
38	4	Saito Tomoya	Great!	t_saito@bi.c.titech.ac.jp	2024-01-26 15:19:08	\N	submitted
39	4	Saito Tomoya	Great!	t_saito@bi.c.titech.ac.jp	2024-01-26 15:20:30	\N	submitted
40	4	Saito Tomoya	Great!	t_saito@bi.c.titech.ac.jp	2024-01-26 15:21:44	\N	ham
41	4	Saito Tomoya	Great!	t_saito@bi.c.titech.ac.jp	2024-01-26 15:23:23	\N	ham
42	4	Saito Tomoya	Great!	t_saito@bi.c.titech.ac.jp	2024-01-26 15:27:37	\N	ham
2	4	aaa	aaa	tamaaples@icloud.com	2023-11-22 13:52:00	\N	published
3	4	aaa	rrr	tamaaples@icloud.com	2023-12-15 14:24:00	\N	published
4	4	aaa	fsgh	tamaaples@icloud.com	2023-12-17 14:35:00	\N	published
5	4	Tomoya Saito	aaa	saito.t.bb@m.titech.ac.jp	2023-12-15 07:02:20	cbd50c688985.png	published
6	4	Tomoya Saito	bb	saito.t.bb@m.titech.ac.jp	2023-12-15 07:02:36	bed77e245c46.png	published
7	4	Tomoya Saito	cc	saito.t.bb@m.titech.ac.jp	2023-12-15 07:03:20	\N	published
8	4	Tomoya Saito	qqqq	saito.t.bb@m.titech.ac.jp	2023-12-26 12:58:54	\N	published
14	6	Thunder	OK!	admin@example.com	2024-01-16 13:07:40	\N	ham
15	6	Thunder	Thankyou!	admin@example.com	2024-01-16 13:29:55	\N	ham
16	6	Thunder	Thank you very much!	admin@example.com	2024-01-16 13:36:09	\N	ham
17	6	Tomoya Saito	yokatttadesu	saito.t.bb@m.titech.ac.jp	2024-01-16 13:38:17	\N	ham
18	6	Tomoya Saito	Nice!	saito.t.bb@m.titech.ac.jp	2024-01-16 13:44:50	\N	ham
19	4	Tomoya Saito	Thank you!	saito.t.bb@m.titech.ac.jp	2024-01-16 13:57:01	\N	ham
13	6	Thunder	Nice!	admin@example.com	2024-01-16 13:04:57	\N	ham
20	4	Tomoya Saito	Good	saito.t.bb@m.titech.ac.jp	2024-01-19 15:07:21	\N	ham
21	4	Tomoya Saito	Perfect	saito.t.bb@m.titech.ac.jp	2024-01-19 15:10:46	\N	ham
22	4	Tomoya Saito	nide	saito.t.bb@m.titech.ac.jp	2024-01-19 15:20:39	\N	ham
23	4	Tomoya Saito	ああああ	saito.t.bb@m.titech.ac.jp	2024-01-19 15:23:27	\N	ham
24	4	Tomoya Saito	あああ	saito.t.bb@m.titech.ac.jp	2024-01-19 15:24:09	\N	ham
25	4	Tomoya Saito	ｆｆｄ	saito.t.bb@m.titech.ac.jp	2024-01-19 15:28:02	\N	ham
26	4	Tomoya Saito	あああ	saito.t.bb@m.titech.ac.jp	2024-01-19 16:14:46	\N	ham
27	4	Tomoya Saito	あああ	saito.t.bb@m.titech.ac.jp	2024-01-19 16:17:30	\N	ham
28	4	Tomoya Saito	あああ	saito.t.bb@m.titech.ac.jp	2024-01-19 16:17:42	\N	ham
29	4	Tomoya Saito	最高ですね	saito.t.bb@m.titech.ac.jp	2024-01-19 16:48:31	\N	ham
30	4	Tomoya Saito	）ｄｄｄ	saito.t.bb@m.titech.ac.jp	2024-01-19 16:55:21	\N	ham
31	4	Tomoya Saito	最高です！	saito.t.bb@m.titech.ac.jp	2024-01-19 16:56:43	\N	ham
32	4	Saito Tomoya	Great!	t_saito@bi.c.titech.ac.jp	2024-01-26 14:12:52	\N	ham
33	4	Saito Tomoya	Great!	t_saito@bi.c.titech.ac.jp	2024-01-26 14:25:29	\N	ham
\.


--
-- Data for Name: doctrine_migration_versions; Type: TABLE DATA; Schema: public; Owner: app
--

COPY public.doctrine_migration_versions (version, executed_at, execution_time) FROM stdin;
DoctrineMigrations\\Version20231121073734	2023-11-21 07:45:15	141
DoctrineMigrations\\Version20231122061744	2023-12-15 05:21:43	48
DoctrineMigrations\\Version20231215054448	2023-12-15 05:46:25	18
DoctrineMigrations\\Version20231215054747	2023-12-15 05:47:54	15
DoctrineMigrations\\Version20231215063112	2023-12-15 06:31:30	9
DoctrineMigrations\\Version20231220053159	2023-12-20 05:32:13	43
DoctrineMigrations\\Version20231226041522	2023-12-26 13:17:18	107
DoctrineMigrations\\Version20240104053322	2024-01-04 14:34:16	166
DoctrineMigrations\\Version20240126082312	2024-01-26 17:23:57	64
DoctrineMigrations\\Version20240126083414	2024-01-26 17:34:36	67
\.


--
-- Data for Name: messenger_messages; Type: TABLE DATA; Schema: public; Owner: app
--

COPY public.messenger_messages (id, body, headers, queue_name, created_at, available_at, delivered_at) FROM stdin;
\.


--
-- Data for Name: sessions; Type: TABLE DATA; Schema: public; Owner: app
--

COPY public.sessions (sess_id, sess_data, sess_lifetime, sess_time) FROM stdin;
ref1o41ja5vrgquvk10k4rvm38	\\x5f7366325f617474726962757465737c613a333a7b733a32363a225f73656375726974792e6d61696e2e7461726765745f70617468223b733a32383a2268747470733a2f2f3132372e302e302e313a383030302f61646d696e223b733a32343a225f637372662f68747470732d61757468656e746963617465223b733a34333a22776e415f5549764b7331683069345468326530384c324b702d574d743035486a4b68704647655058502d51223b733a32333a225f73656375726974792e6c6173745f757365726e616d65223b733a353a2261646d696e223b7d5f7366325f6d6574617c613a333a7b733a313a2275223b693a313730333035353238323b733a313a2263223b693a313730333035343731303b733a313a226c223b693a303b7d	1703056723	1703055283
omnv2o9731ut8g8gtlm7n0a8nj	\\x5f7366325f617474726962757465737c613a363a7b733a32363a225f73656375726974792e6d61696e2e7461726765745f70617468223b733a32383a2268747470733a2f2f6c6f63616c686f73743a383030302f61646d696e223b733a32333a225f73656375726974792e6c6173745f757365726e616d65223b733a373a22736169746f6d6f223b733a31343a225f73656375726974795f6d61696e223b733a3436313a224f3a37353a2253796d666f6e795c436f6d706f6e656e745c53656375726974795c487474705c41757468656e74696361746f725c546f6b656e5c506f737441757468656e7469636174696f6e546f6b656e223a323a7b693a303b733a343a226d61696e223b693a313b613a353a7b693a303b4f3a31363a224170705c456e746974795c41646d696e223a343a7b733a32303a22004170705c456e746974795c41646d696e006964223b693a363b733a32363a22004170705c456e746974795c41646d696e00757365726e616d65223b733a373a22736169746f6d6f223b733a32333a22004170705c456e746974795c41646d696e00726f6c6573223b613a313a7b693a303b733a31303a22524f4c455f41444d494e223b7d733a32363a22004170705c456e746974795c41646d696e0070617373776f7264223b733a36303a222432792431332451474555495670746861742f3456495746634855787572437a5579454d72333133486c4f747175725832445978585a71506333624f223b7d693a313b623a313b693a323b4e3b693a333b613a303a7b7d693a343b613a323a7b693a303b733a31303a22524f4c455f41444d494e223b693a313b733a393a22524f4c455f55534552223b7d7d7d223b733a32313a225f637372662f68747470732d65612d746f67676c65223b733a34333a224e6f5672585371515141754f653875795777776d73367270364c584b635252767672305145476d51715449223b733a33393a225f637372662f68747470732d65612d62617463682d616374696f6e2d626174636844656c657465223b733a34333a2239432d786569776c4e487a37784b6c6d4d706651456b79625f33754b4d686a68534b786653593558616951223b733a32313a225f637372662f68747470732d65612d64656c657465223b733a34333a224b325a487932546e46584f3669596477745359725a38616d30796a4263377067536a37755f5f7668476f4d223b7d5f7366325f6d6574617c613a333a7b733a313a2275223b693a313730333535383234373b733a313a2263223b693a313730333535383233393b733a313a226c223b693a303b7d	1703559695	1703558255
78nbqsijc5bbpbff8p0rgqjtv7	\\x5f7366325f617474726962757465737c613a313a7b733a32343a225f637372662f68747470732d636f6d6d656e745f666f726d223b733a34333a226678676e79496c5477755a6b466263555463546941617939427a6b724556556e37756b634154715959634d223b7d5f7366325f6d6574617c613a333a7b733a313a2275223b693a313730333536333038333b733a313a2263223b693a313730333536333038333b733a313a226c223b693a303b7d	1703564524	1703563084
gcfaeirni5r9p1ednijhi8m6ph	\\x5f7366325f617474726962757465737c613a313a7b733a31383a225f637372662f636f6d6d656e745f666f726d223b733a34333a222d3055336b43546a5f36683143776f5073534c5f63735530526b3052703641504b574b5979444b514a7034223b7d5f7366325f6d6574617c613a333a7b733a313a2275223b693a313730333536333039323b733a313a2263223b693a313730333536333039323b733a313a226c223b693a303b7d	1703564533	1703563093
d7s5h1p0bbgkg7g6njaqshffbj	\\x5f7366325f617474726962757465737c613a353a7b733a32333a225f73656375726974792e6c6173745f757365726e616d65223b733a373a22736169746f6d6f223b733a31343a225f73656375726974795f6d61696e223b733a3436313a224f3a37353a2253796d666f6e795c436f6d706f6e656e745c53656375726974795c487474705c41757468656e74696361746f725c546f6b656e5c506f737441757468656e7469636174696f6e546f6b656e223a323a7b693a303b733a343a226d61696e223b693a313b613a353a7b693a303b4f3a31363a224170705c456e746974795c41646d696e223a343a7b733a32303a22004170705c456e746974795c41646d696e006964223b693a363b733a32363a22004170705c456e746974795c41646d696e00757365726e616d65223b733a373a22736169746f6d6f223b733a32333a22004170705c456e746974795c41646d696e00726f6c6573223b613a313a7b693a303b733a31303a22524f4c455f41444d494e223b7d733a32363a22004170705c456e746974795c41646d696e0070617373776f7264223b733a36303a222432792431332451474555495670746861742f3456495746634855787572437a5579454d72333133486c4f747175725832445978585a71506333624f223b7d693a313b623a313b693a323b4e3b693a333b613a303a7b7d693a343b613a323a7b693a303b733a31303a22524f4c455f41444d494e223b693a313b733a393a22524f4c455f55534552223b7d7d7d223b733a32313a225f637372662f68747470732d65612d746f67676c65223b733a34333a22787867337564454c3348596e5f7351514257305f74637253726d4f595149324e446d4f65664e4d5f4d7567223b733a33393a225f637372662f68747470732d65612d62617463682d616374696f6e2d626174636844656c657465223b733a34333a22556a36315343642d42434a504d365455653367686a58706a67735a796e49524f382d4136577a336f4a3963223b733a32313a225f637372662f68747470732d65612d64656c657465223b733a34333a22705551746148636f686136746871494d2d7278457a584277664f54326a65636a44552d6d50356c4f6a3051223b7d5f7366325f6d6574617c613a333a7b733a313a2275223b693a313730343334363531353b733a313a2263223b693a313730343334363439393b733a313a226c223b693a303b7d	1704347965	1704346525
s45g2cijn6g3q8mrt1cjcm2egq	\\x5f7366325f617474726962757465737c613a313a7b733a32343a225f637372662f68747470732d636f6d6d656e745f666f726d223b733a34333a22566c484f7853492d347963717555596c5272436b333159496969627346386f3139504441554667592d6630223b7d5f7366325f6d6574617c613a333a7b733a313a2275223b693a313730333536333134303b733a313a2263223b693a313730333536333039373b733a313a226c223b693a303b7d	1703564580	1703563140
b3l5d4qd01toco7iicrc945alp	\\x5f7366325f617474726962757465737c613a323a7b733a32363a225f73656375726974792e6d61696e2e7461726765745f70617468223b733a32383a2268747470733a2f2f6c6f63616c686f73743a383030302f61646d696e223b733a32343a225f637372662f68747470732d61757468656e746963617465223b733a34333a22364a79616b42387175785177685a7a6a4f516c6f4853694276364e3878436e474b362d6561586f7933634d223b7d5f7366325f6d6574617c613a333a7b733a313a2275223b693a313730333536353133353b733a313a2263223b693a313730333536353132343b733a313a226c223b693a303b7d	1703566576	1703565136
hklrkgbjes8gf9q58vkser09sl	\\x5f7366325f617474726962757465737c613a323a7b733a32343a225f637372662f68747470732d61757468656e746963617465223b733a34333a226f32684175537a4c706b532d377356795647366968357a5775455a506a425f787552645331746b52326d34223b733a32343a225f637372662f68747470732d636f6d6d656e745f666f726d223b733a34333a226949424b64657a766f4c4d6d6662516d6f79666376415449744e5075446b72426f32664867683656666e4d223b7d5f7366325f6d6574617c613a333a7b733a313a2275223b693a313730343335333432363b733a313a2263223b693a313730343335303332363b733a313a226c223b693a303b7d	1704354866	1704353426
tegh8r1bjd201r8459frov9gi5	\\x5f7366325f617474726962757465737c613a383a7b733a32363a225f73656375726974792e6d61696e2e7461726765745f70617468223b733a32383a2268747470733a2f2f6c6f63616c686f73743a383030302f61646d696e223b733a32333a225f73656375726974792e6c6173745f757365726e616d65223b733a373a22736169746f6d6f223b733a31343a225f73656375726974795f6d61696e223b733a3436313a224f3a37353a2253796d666f6e795c436f6d706f6e656e745c53656375726974795c487474705c41757468656e74696361746f725c546f6b656e5c506f737441757468656e7469636174696f6e546f6b656e223a323a7b693a303b733a343a226d61696e223b693a313b613a353a7b693a303b4f3a31363a224170705c456e746974795c41646d696e223a343a7b733a32303a22004170705c456e746974795c41646d696e006964223b693a363b733a32363a22004170705c456e746974795c41646d696e00757365726e616d65223b733a373a22736169746f6d6f223b733a32333a22004170705c456e746974795c41646d696e00726f6c6573223b613a313a7b693a303b733a31303a22524f4c455f41444d494e223b7d733a32363a22004170705c456e746974795c41646d696e0070617373776f7264223b733a36303a222432792431332451474555495670746861742f3456495746634855787572437a5579454d72333133486c4f747175725832445978585a71506333624f223b7d693a313b623a313b693a323b4e3b693a333b613a303a7b7d693a343b613a323a7b693a303b733a31303a22524f4c455f41444d494e223b693a313b733a393a22524f4c455f55534552223b7d7d7d223b733a32313a225f637372662f68747470732d65612d746f67676c65223b733a34333a2261714a4f4e5a4d756a64434d59426a576a7042616d77495f482d4e72477447304e69674f6e4b5263355430223b733a33393a225f637372662f68747470732d65612d62617463682d616374696f6e2d626174636844656c657465223b733a34333a224e4c305247316445776277666442507158656a2d47615235677730595a3631543154594b47793435726e4d223b733a32313a225f637372662f68747470732d65612d64656c657465223b733a34333a224d4b3735624553495269425567486553696b487447466f44624c7957574679794c796f47386f636f483859223b733a32343a225f637372662f68747470732d636f6d6d656e745f666f726d223b733a34333a223443344b645175465f4e637a50646870657469756a7431786733625148735450647536726335316c4e4c41223b733a31393a225f637372662f68747470732d436f6d6d656e74223b733a34333a22327a6962747a4a59763541793654416779526f34366573504a65314a414c47704a55697046693163385759223b7d5f7366325f6d6574617c613a333a7b733a313a2275223b693a313730353338313730383b733a313a2263223b693a313730353337373234313b733a313a226c223b693a303b7d	1705383150	1705381710
9o8888qt7c8n3vb8o4kk4ml97d	\\x5f7366325f617474726962757465737c613a313a7b733a32343a225f637372662f68747470732d636f6d6d656e745f666f726d223b733a34333a224d4669446f53744d6b64614d4b6f714e50333863334f6e47716767453533566252467a5a57594652554951223b7d5f7366325f6d6574617c613a333a7b733a313a2275223b693a313730353634383636373b733a313a2263223b693a313730353634343432333b733a313a226c223b693a303b7d	1705650108	1705648668
r40fu754vi961okjqjsb0ve4s8	\\x5f7366325f617474726962757465737c613a323a7b733a32343a225f637372662f68747470732d636f6d6d656e745f666f726d223b733a34333a227a3054326e7a6649616558336a436b5071417735774c4164396d3850425a70472d52555a6d61386c556b38223b733a32363a225f73656375726974792e6d61696e2e7461726765745f70617468223b733a3131333a2268747470733a2f2f6c6f63616c686f73743a383030302f61646d696e3f63727564416374696f6e3d696e6465782663727564436f6e74726f6c6c65724671636e3d417070253543436f6e74726f6c6c657225354341646d696e253543436f6d6d656e7443727564436f6e74726f6c6c6572223b7d5f7366325f6d6574617c613a333a7b733a313a2275223b693a313730353635313132363b733a313a2263223b693a313730353635303333383b733a313a226c223b693a303b7d	1705652567	1705651127
0tlhbru6ubdufk0qk9ru7ge23j	\\x5f7366325f617474726962757465737c613a343a7b733a32343a225f637372662f68747470732d636f6d6d656e745f666f726d223b733a34333a22616d72755f4157675a45454e4c6346416947715238655177556743495556666a6a7434594635616f544f59223b733a31383a225f637372662f636f6d6d656e745f666f726d223b733a34333a2263566c575a664a4f4873357947645376483565337362636a77626857476e714f77354855624b536c386a6f223b733a32363a225f73656375726974792e6d61696e2e7461726765745f70617468223b733a34363a2268747470733a2f2f6c6f63616c686f73743a383030302f61646d696e2f636f6d6d656e742f7265766965772f3432223b733a32343a225f637372662f68747470732d61757468656e746963617465223b733a34333a2245416b6b4668755a4738514d4562636e416931714e645844376573436f4b7146314d39357432316c535534223b7d5f7366325f6d6574617c613a333a7b733a313a2275223b693a313730363235303438373b733a313a2263223b693a313730363234353934353b733a313a226c223b693a303b7d	1706251928	1706250488
o59blar1io3nrlajmcgv9hpihi	\\x5f7366325f617474726962757465737c613a313a7b733a32343a225f637372662f68747470732d636f6d6d656e745f666f726d223b733a34333a225a4e73456a436f6d5853744774706a566d4931796f45384d6c4d464f7a616b2d307a4c364b796c4e505441223b7d5f7366325f6d6574617c613a333a7b733a313a2275223b693a313730363235393230303b733a313a2263223b693a313730363235333430313b733a313a226c223b693a303b7d	1706260640	1706259200
\.


--
-- Name: admin_id_seq; Type: SEQUENCE SET; Schema: public; Owner: app
--

SELECT pg_catalog.setval('public.admin_id_seq', 6, true);


--
-- Name: comment_id_seq; Type: SEQUENCE SET; Schema: public; Owner: app
--

SELECT pg_catalog.setval('public.comment_id_seq', 42, true);


--
-- Name: conference_id_seq; Type: SEQUENCE SET; Schema: public; Owner: app
--

SELECT pg_catalog.setval('public.conference_id_seq', 6, true);


--
-- Name: messenger_messages_id_seq; Type: SEQUENCE SET; Schema: public; Owner: app
--

SELECT pg_catalog.setval('public.messenger_messages_id_seq', 89, true);


--
-- PostgreSQL database dump complete
--

